"id","position","allele0","allele1","allele1_frequency"
"seq-rs1010355",55102179,"T","C",0.098
"seq-rs272408",55103603,"C","T",0.787
"seq-rs11669899",55104559,"A","T",0.029
"imm_19_59798585",55106773,"A","G",0.499
"vh_19_59799666",55107854,"T","G",0.965
"seq-rs7255954",55109883,"A","C",0.292
"seq-rs272411",55111727,"C","T",0.253
"rs2363863",55111785,"C","T",0.324
"seq-rs4806787",55112489,"A","C",0.587
"seq-rs4078790",55112865,"C","T",0.962
"rs1000574",55114775,"C","T",0.215
"seq-rs56094502",55115944,"G","A",0.056
"seq-t1d-19-59808479-C-T",55116667,"T","C",0.962
"seq-rs12979115",55117029,"T","G",0.052
"seq-t1d-19-59809561-G-A",55117749,"A","G",0.962
"seq-rs10423021",55119768,"G","C",0.946
"seq-rs35706559",55120404,"G","A",0.052
"seq-rs62133402",55120686,"C","T",0.056
"seq-rs11671249",55123084,"C","T",0.257
"seq-rs10411879",55123305,"A","G",0.319
"seq-rs11879469",55123737,"T","C",0.086
"seq-rs10423364",55128339,"G","A",0.307
"seq-rs4806793",55129651,"A","T",0.656
"seq-rs4806520",55129888,"G","A",0.269
"seq-t1d-19-59823221-T-G",55131409,"T","G",0.084
"seq-rs8108712",55134267,"A","T",0.303
"seq-t1d-19-59826542-T-A",55134730,"A","T",0.962
"seq-t1d-19-59826559-T-C",55134747,"C","T",0.962
"seq-rs4806796",55138581,"A","G",0.299
"seq-rs2002261",55138987,"A","G",0.296
"seq-t1d-19-59830976-A-G",55139164,"G","A",0.962
"seq-rs1004443",55141499,"A","G",0.303
"seq-rs3760860",55141954,"G","A",0.301
"seq-rs3843752",55142930,"C","T",0.299
"seq-rs1056452",55149254,"A","G",0.875
"seq-rs10426664",55153006,"G","A",0.887
"seq-rs10410382",55154764,"A","G",0.891
"seq-rs34749789",55155795,"C","T",0.887
"seq-rs8101660",55156952,"A","G",0.894
"seq-rs8102351",55157042,"C","T",0.891
"seq-rs10405574",55157697,"G","A",0.816
"seq-rs10419191",55159164,"G","A",0.858
"seq-t1d-19-59852998-C-T",55161186,"T","C",0.96
"seq-t1d-19-59853012-A-G",55161200,"A","G",0.077
"seq-t1d-19-59853065-G-A",55161253,"G","A",0.077
"seq-rs10409499",55163072,"T","A",0.852
"seq-t1d-19-59855686-G-C",55163874,"G","C",0.079
"seq-t1d-19-59857349-T-G",55165537,"T","G",0.088
"seq-t1d-19-59857666-T-G",55165854,"T","G",0.088
"seq-rs4806798",55166721,"A","G",0.14
"seq-t1d-19-59858641-T-C",55166829,"C","T",0.852
"seq-t1d-19-59863738-G-A",55171926,"A","G",0.952
"seq-rs934434",55172146,"C","T",0.547
"seq-rs11574566",55172167,"G","A",0.081
"seq-rs4806802",55173403,"G","A",0.134
"seq-rs1749313",55173542,"G","A",0.081
"seq-rs1654668",55174213,"T","C",0.53
"seq-rs11574596",55182399,"A","C",0.766
"seq-t1d-19-59874508-C-T",55182696,"C","T",0.071
"seq-rs17836409",55183869,"C","T",0.109
"seq-rs1654656",55183977,"C","T",0.543
"seq-t1d-19-59877851-A-G",55186039,"G","A",0.871
"seq-t1d-19-59878067-G-A",55186255,"G","A",0.079
"rs1749320",55187279,"A","C",0.056
"seq-rs56380562",55188593,"C","G",0.881
"seq-rs2764338",55190320,"C","T",0.056
"seq-rs60318216",55192550,"A","G",0.787
"seq-t1d-19-59884478-A-C",55192666,"A","C",0.063
"seq-rs912735",55193435,"T","C",0.804
"seq-rs892191",55193822,"T","C",0.221
"seq-rs731386",55193836,"A","G",0.593
"seq-t1d-19-59886335-C-T",55194523,"T","C",0.814
"seq-rs1654658",55194681,"A","G",0.647
"seq-rs1749282",55194821,"A","G",0.165
"seq-rs1749283",55195013,"T","G",0.276
"seq-rs1749284",55195105,"T","C",0.276
"seq-rs1654660",55195187,"G","A",0.163
"seq-rs1749285",55196411,"G","A",0.276
"seq-t1d-19-59890174-G-A",55198362,"G","A",0.276
"seq-rs35397129",55198658,"C","A",0.965
"seq-rs1749291",55199050,"G","A",0.276
"seq-rs1654663",55199244,"T","C",0.276
"seq-rs1654664",55199427,"T","C",0.276
"seq-rs1749293",55199580,"T","A",0.276
"seq-t1d-19-59891854-G-A",55200042,"G","A",0.278
"seq-t1d-19-59892210-G-A",55200398,"G","A",0.276
"seq-t1d-19-59893157-C-A",55201345,"C","A",0.063
"seq-rs28378119",55202584,"A","G",0.286
"seq-rs12984563",55202747,"G","C",0.081
"rs10419591",55203078,"C","T",0.263
"seq-rs4806805",55205122,"T","C",0.288
"seq-rs8107440",55206338,"A","G",0.263
"rs10422812",55206991,"C","T",0.263
"seq-rs1570785",55207194,"G","T",0.265
"seq-rs1570786",55207424,"A","G",0.267
"seq-rs4806807",55207900,"T","G",0.495
"seq-rs7247262",55208571,"G","A",0.624
"seq-t1d-19-59900858-G-A",55209046,"G","A",0.067
"rs11084366",55210598,"T","G",0.372
"seq-rs12983338",55210931,"C","T",0.52
"rs1952015",55211155,"C","T",0.85
"seq-rs10426302",55211547,"A","G",0.814
"seq-rs8109557",55211859,"A","G",0.86
"rs11084367",55213281,"G","A",0.042
"seq-t1d-19-59906607-G-C",55214795,"C","G",0.873
"seq-rs8107460",55214989,"T","C",0.866
"rs11879542",55215029,"C","T",0.006
"seq-rs10416527",55215632,"G","A",0.286
"seq-rs4436877",55216162,"G","A",0.286
"seq-rs4441391",55216681,"G","A",0.286
"seq-rs1325156",55216950,"A","G",0.831
"rs12151161",55217589,"G","A",0.881
"seq-rs11666535",55217660,"T","G",0.505
"rs270771",55220626,"C","T",0.046
"seq-rs56036306",55220725,"A","G",0.885
"seq-rs7249176",55221245,"G","A",0.881
"seq-rs270775",55222465,"G","C",0.534
"rs270779",55224260,"A","G",0.497
"seq-rs17207369",55224692,"T","C",0.282
"seq-rs2296370",55224785,"G","A",0.411
"seq-rs2296371",55224885,"G","A",0.453
"seq-rs12982080",55224955,"T","A",0.587
"rs10423751",55224967,"T","C",0.528
"seq-rs11883241",55225613,"C","T",0.347
"seq-rs6509899",55225835,"G","A",0.115
"seq-rs1325158",55226402,"C","T",0.428
"seq-rs7256392",55227879,"A","G",0.962
"seq-rs35467489",55228452,"A","G",0.284
"rs4806527",55228948,"G","A",0.063
"rs4806533",55230529,"C","T",0.063
"seq-t1d-19-59923351-G-A",55231539,"G","A",0.069
"seq-rs270785",55233850,"T","C",0.549
"seq-rs34497076",55234582,"A","G",0.347
"seq-rs34048346",55234675,"A","G",0.347
"seq-rs34706852",55234678,"C","T",0.347
"seq-rs62131745",55234854,"T","C",0.347
"seq-rs34876880",55238835,"A","C",0.415
"seq-rs35093205",55238968,"C","G",0.28
"seq-rs270790",55239223,"A","G",0.534
"seq-rs62132666",55239639,"T","C",0.28
"seq-rs2240936",55243294,"T","C",0.37
"seq-t1d-19-59936350-A-G",55244538,"A","G",0.035
"rs587560",55245738,"C","T",0.248
"rs17207376",55248072,"C","A",0.605
"rs17207383",55248107,"G","T",0.311
"seq-rs10409751",55249570,"C","G",0.294
"seq-rs643236",55251418,"T","C",0.244
"seq-rs11669355",55289957,"T","C",0.564
"seq-rs2569686",55301811,"T","C",0.14
"rs613238",55302983,"C","T",0.587
"seq-t1d-19-59995127-G-A",55303315,"G","A",0.205
"seq-rs633522",55304308,"G","A",0.188
"seq-rs658919",55306283,"T","C",0.186
"seq-rs670795",55306645,"T","G",0.186
"seq-rs685323",55307364,"C","A",0.595
"seq-t1d-19-59999531-G-A",55307719,"G","A",0.167
"seq-rs687530",55307868,"G","A",0.18
"seq-rs34508934",55311067,"A","C",0.818
"seq-rs62123050",55312904,"A","T",0.574
"seq-rs34078188",55313201,"C","T",0.574
"rs589158",55314287,"G","A",0.18
"seq-rs35656676",55314897,"C","G",0.244
"seq-rs17173106",55314949,"T","C",0.244
"seq-rs597598",55315440,"G","A",0.18
"seq-rs598452",55315616,"T","C",0.424
"seq-t1d-19-60007809-C-G",55315997,"G","C",0.18
"rs618835",55316329,"G","A",0.628
"seq-rs10500318",55320779,"A","G",0.816
"seq-rs592645",55320927,"A","T",0.182
"seq-rs604077",55321396,"C","T",0.349
"seq-rs604999",55321597,"G","A",0.148
"seq-t1d-19-60014013-A-C",55322201,"A","C",0.167
"rs3865507",55322376,"C","A",0.038
"seq-rs3865510",55324239,"C","A",0.286
"seq-rs648689",55324474,"T","C",0.47
"seq-rs649216",55324635,"T","C",0.47
"rs145117817",55326739,"T","C",0.38
"seq-rs4806568",55330756,"G","A",0.157
"seq-rs674268",55332190,"G","A",0.422
"rs12461010",55332601,"C","T",0.378
"seq-rs2295805",55336701,"G","A",0.132
"seq-rs12976350",55338579,"C","T",0.591
"seq-t1d-19-60034052-C-T",55342240,"C","T",0.232
"rs4806585",55346424,"C","A",0.165
"rs640345",55362859,"C","T",0.39
"seq-t1d-19-60054973-T-C",55363161,"T","C",0.14
"seq-t1d-19-60056721-C-T",55364909,"C","T",0.132
"seq-rs10407958",55372162,"A","T",0.873
"seq-rs1654644",55373362,"T","G",0.349
"rs3826878",55377211,"A","G",0.035
"rs13345741",55379121,"T","C",0.006
"seq-rs17771967",55380214,"A","G",0.413
"rs11665986",55383941,"C","T",0.169
"rs11084374",55384797,"C","A",0.409
"rs12462181",55385435,"T","C",0.436
"seq-rs3816051",55385604,"T","C",0.472
"seq-rs8112766",55386920,"A","G",0.472
"rs10407012",55387953,"A","G",0.873
"seq-rs59491394",55389375,"G","T",0.259
"rs7259347",55392755,"T","C",0.18
"seq-rs4806606",55393814,"G","A",0.645
"seq-t1d-19-60086091-G-T",55394279,"G","T",0.058
"seq-rs11671686",55394734,"G","A",0.311
"seq-rs4806607",55395545,"C","T",0.186
"seq-rs4806608",55395582,"A","G",0.186
"seq-rs1865096",55396900,"G","A",0.269
"rs1865097",55397217,"G","A",0.292
"seq-rs12972637",55398101,"G","A",0.29
"seq-rs12975083",55398235,"C","T",0.267
"seq-t1d-19-60090057-C-A",55398245,"C","A",0.061
"seq-rs62123425",55400292,"A","G",0.781
"seq-rs12976533",55400759,"A","C",0.777
"seq-rs16986050",55401170,"G","A",0.808
"rs7249884",55402691,"T","G",0.031
"rs10421281",55412835,"A","C",0.002
"rs2278427",55417731,"G","A",0.102
"rs2278428",55418054,"A","C",0.1
"seq-rs1433097",55418458,"T","C",0.163
"seq-rs3765013",55420801,"C","A",0.244
"seq-rs3765014",55420924,"C","G",0.213
"seq-rs6509909",55422034,"C","G",0.211
"seq-rs12461420",55422857,"C","T",0.154
"seq-t1d-19-60115300-T-C",55423488,"T","C",0.182
"seq-t1d-19-60115342-C-T",55423530,"C","T",0.165
"rs16986072",55424307,"G","A",0.021
"rs16986074",55424955,"A","C",0.002
"seq-rs9789251",55426595,"C","G",0.123
"rs269917",55427510,"A","G",0.413
"seq-t1d-19-60119880-C-T",55428068,"C","T",0.021
"seq-rs1671160",55428459,"C","T",0.253
"seq-rs11880295",55432529,"T","C",0.937
"seq-t1d-19-60124976-G-A",55433164,"G","A",0.035
"seq-rs775859",55433596,"C","T",0.086
"seq-rs16986092",55433696,"C","T",0.073
"rs12461856",55433852,"A","G",0.177
"seq-rs622941",55434458,"C","G",0.518
"rs623383",55434575,"A","G",0.518
"seq-rs624217",55434723,"C","A",0.428
"seq-rs550931",55434739,"T","C",0.518
"seq-rs634742",55434818,"G","A",0.428
"rs7256020",55435140,"T","C",0.004
"seq-rs269923",55435641,"G","A",0.443
"seq-rs4806624",55436805,"A","G",0.937
"seq-rs269933",55439166,"C","T",0.447
"seq-rs269938",55439821,"T","G",0.603
"seq-rs269939",55439838,"G","A",0.447
"seq-rs269940",55440357,"A","G",0.447
"seq-t1d-19-60132592-C-T",55440780,"T","C",0.447
"seq-rs269941",55440885,"G","T",0.43
"seq-rs269942",55441068,"C","A",0.447
"seq-rs269943",55441209,"A","G",0.445
"rs269949",55441769,"A","G",0.443
"seq-rs269950",55441902,"C","T",0.445
"seq-rs269951",55441995,"G","A",0.445
"seq-rs8101834",55442410,"C","A",0.035
"rs269955",55443424,"G","A",0.405
"seq-rs28545394",55443467,"G","A",0.248
"seq-rs269957",55445174,"T","C",0.276
"seq-rs775875",55446522,"T","A",0.326
"seq-t1d-19-60138408-G-A",55446596,"A","G",0.081
"seq-rs1671156",55447182,"G","A",0.699
"seq-rs7359934",55447501,"G","A",0.221
"seq-rs775876",55447572,"A","G",0.66
"rs7359929",55447595,"A","G",0.238
"seq-t1d-19-60139424-G-T",55447612,"G","T",0.238
"seq-t1d-19-60139652-A-C",55447840,"A","C",0.244
"rs775879",55449755,"G","A",0.658
"seq-t1d-19-60142274-C-A",55450462,"C","A",0.067
"rs7256285",55451584,"G","A",0.002
"seq-rs775883",55451797,"T","C",0.647
"seq-rs775884",55451890,"C","T",0.647
"seq-rs775886",55453134,"A","G",0.599
"seq-rs7248636",55458801,"G","A",0.073
"seq-t1d-19-60150968-G-A",55459156,"G","A",0.188
"rs11673713",55461029,"A","G",0.927
"seq-rs703475",55466857,"C","T",0.599
"rs12460693",55469212,"C","A",0.18
"seq-rs55897903",55473203,"G","A",0.743
"seq-rs269909",55480444,"C","G",0.194
"seq-rs703465",55481320,"C","G",0.261
"seq-t1d-19-60173210-G-A",55481398,"G","A",0.194
"seq-rs269913",55481669,"T","C",0.478
"seq-t1d-19-60176972-C-A",55485160,"C","A",0.073
"seq-rs2217659",55485899,"G","A",0.167
"seq-rs775893",55486167,"C","G",0.267
"seq-t1d-19-60179962-T-C",55488150,"T","C",0.167
"seq-rs775899",55488904,"A","T",0.221
"seq-rs775900",55489349,"G","A",0.215
"seq-rs17781858",55493095,"C","G",0.142
"seq-rs55799796",55493441,"C","T",0.24
"seq-rs17699678",55493728,"T","C",0.902
"seq-rs56073572",55493847,"T","C",0.921
"seq-rs34804158",55494651,"A","G",0.24
"seq-rs7254951",55495106,"G","A",0.061
"seq-rs11672206",55495215,"A","G",0.228
"seq-t1d-19-60188578-C-T",55496766,"C","T",0.065
"seq-t1d-19-60189318-C-T",55497506,"C","T",0.242
"seq-rs11667481",55497826,"G","A",0.225
"seq-rs1036231",55497843,"T","C",0.242
"rs10412569",55497855,"A","G",0.046
"seq-rs7253480",55498744,"G","A",0.228
